db_index	motif_id	motif_alt_id	consensus	E-value	adj_p-value	log_adj_p-value	bin_location	bin_width	total_width	sites_in_bin	total_sites	p_success	p-value	mult_tests	neg_sites_in_bin	neg_sites	neg_adj_pvalue	log_neg_adj_pvalue	fisher_adj_pvalue	log_fisher_adj_pvalue
   1	MA0108.2	TBP	STATAAAWRSVVVBN	1.6e-37	   2.7e-40	         -91.12	       -23.0	      6.0	        186	          76	        305	  0.03226	3.4e-44	      7889	          60	        327	1.3e-23	         -52.67	1.0e0	           0.00	
   2	POL012.1	TATA-Box	STATAAAWRSVVVBN	2.7e-37	   4.5e-40	         -90.60	       -23.0	      6.0	        186	          75	        298	  0.03226	5.7e-44	      7889	          60	        322	5.7e-24	         -53.53	1.0e0	           0.00	
   2	POL002.1	INR	KCABHHBB	3.5e-37	   5.9e-40	         -90.33	         3.0	      1.0	        193	          60	        966	  0.00518	7.1e-44	      8281	          61	        996	2.2e-39	         -89.00	1.0e0	           0.00	
   1	MA1141.1	FOS::JUND	NKATGAGTCATNN	1.3e-30	   2.2e-33	         -75.19	       -64.0	     48.0	        188	         194	        330	  0.25532	2.8e-37	      7987	         166	        324	2.5e-19	         -42.84	1.0e0	           0.00	
   1	MA0490.1	JUNB	NRRTGASTCAK	8.3e-30	   1.4e-32	         -73.35	       -66.0	     50.0	        190	         148	        221	  0.26316	1.7e-36	      8085	         120	        213	1.2e-16	         -36.69	1.0e0	           0.00	
   1	MA1138.1	FOSL2::JUNB	KRTGASTCAT	4.3e-29	   7.2e-32	         -71.70	       -65.0	     49.0	        191	         188	        319	  0.25654	8.8e-36	      8183	         180	        331	1.2e-24	         -55.05	1.0e0	           0.00	
   1	MA1135.1	FOSB::JUNB	KRTGASTCAT	6.0e-29	   1.0e-31	         -71.36	       -65.0	     49.0	        191	         196	        339	  0.25654	1.2e-35	      8183	         193	        362	3.1e-25	         -56.45	1.0e0	           0.00	
   1	MA1134.1	FOS::JUNB	KATGASTCATHN	3.9e-28	   6.6e-31	         -69.50	       -63.5	     48.0	        189	         189	        329	  0.25397	8.1e-35	      8085	         179	        347	1.0e-21	         -48.36	1.0e0	           0.00	
   1	MA0491.1	JUND	DRTGASTCATS	7.4e-27	   1.3e-29	         -66.55	       -63.0	     50.0	        190	         139	        210	  0.26316	1.6e-33	      8085	         119	        199	1.6e-19	         -43.27	1.0e0	           0.00	
   1	MA1144.1	FOSL2::JUND	KATGACTCAT	3.8e-26	   6.5e-29	         -64.91	       -65.0	     49.0	        191	         190	        336	  0.25654	7.9e-33	      8183	         189	        350	1.2e-25	         -57.38	1.0e0	           0.00	
   1	MA0477.1	FOSL1	RRTGASTCAKV	4.5e-26	   7.7e-29	         -64.74	       -64.5	     49.0	        190	         145	        229	  0.25789	9.5e-33	      8085	         130	        225	2.0e-20	         -45.38	1.0e0	           0.00	
   1	MA0489.1	JUN(var.2)	RRRRRRTGASTCAT	1.4e-25	   2.3e-28	         -63.64	       -66.5	     48.0	        187	         156	        257	  0.25668	2.9e-32	      7987	         138	        259	2.4e-17	         -38.26	1.0e0	           0.00	
   1	MA0476.1	FOS	DVTGASTCATB	1.8e-25	   3.1e-28	         -63.35	       -63.0	     50.0	        190	         163	        269	  0.26316	3.8e-32	      8085	         142	        258	9.0e-19	         -41.55	1.0e0	           0.00	
   1	MA1130.1	FOSL2::JUN	NNRTGAGTCAYN	5.8e-24	   9.9e-27	         -59.88	       -64.5	     48.0	        189	         203	        382	  0.25397	1.2e-30	      8085	         189	        382	3.0e-20	         -44.95	1.0e0	           0.00	
   1	MA1128.1	FOSL1::JUN	NKATGACTCATNN	1.8e-22	   3.0e-25	         -56.47	       -63.0	     50.0	        188	         208	        388	  0.26596	3.7e-29	      7987	         215	        406	1.3e-25	         -57.34	1.0e0	           0.00	
   1	MA0478.1	FOSL2	KRRTGASTCAB	2.5e-22	   4.2e-25	         -56.14	       -66.0	     50.0	        190	         155	        262	  0.26316	5.2e-29	      8085	         130	        242	8.6e-16	         -34.69	1.0e0	           0.00	
   1	MA1137.1	FOSL1::JUNB	NDRTGACTCATNN	2.1e-21	   3.6e-24	         -53.98	       -63.0	     50.0	        188	         285	        599	  0.26596	4.5e-28	      7987	         268	        628	2.6e-14	         -31.27	1.0e0	           0.00	
   1	MA0099.3	FOS::JUN	ATGAGTCAYM	7.7e-21	   1.3e-23	         -52.70	       -63.5	     48.0	        191	         209	        420	  0.25131	1.6e-27	      8183	         206	        440	4.5e-19	         -42.24	1.0e0	           0.00	
   1	MA0655.1	JDP2	ATGACTCAT	4.5e-20	   7.6e-23	         -50.93	       -64.5	     49.0	        192	         130	        216	  0.25521	9.3e-27	      8183	         117	        223	8.7e-14	         -30.08	1.0e0	           0.00	
   1	MA1132.1	JUN::JUNB	KATGACKCAT	4.8e-20	   8.1e-23	         -50.87	       -65.0	     49.0	        191	         252	        533	  0.25654	9.9e-27	      8183	         238	        578	2.9e-12	         -26.58	1.0e0	           0.00	
   1	MA0462.1	BATF::JUN	RRWATGASTCA	1.1e-19	   1.9e-22	         -50.04	       -67.0	     50.0	        190	         136	        226	  0.26316	2.3e-26	      8085	         118	        228	4.1e-12	         -26.22	1.0e0	           0.00	
   1	MA0899.1	HOXA10	DGYMATAAAAH	9.7e-19	   1.6e-21	         -47.86	       -26.5	      3.0	        190	          45	        376	  0.01579	2.0e-25	      8085	          27	        370	7.4e-7	         -14.12	1.0e0	           0.00	
   1	MA0841.1	NFE2	VATGACTCATS	7.2e-17	   1.2e-19	         -43.55	       -64.0	     48.0	        190	          77	        108	  0.25263	1.5e-23	      8085	          56	        108	2.5e-5	         -10.61	1.0e0	          -0.00	
   1	MA0878.1	CDX1	GYMATAAAA	1.0e-15	   1.7e-18	         -40.89	       -27.5	      5.0	        192	          49	        332	  0.02604	2.1e-22	      8183	          34	        321	6.7e-8	         -16.52	1.0e0	           0.00	
   1	MA1142.1	FOSL1::JUND	NRTGACTCAT	1.5e-13	   2.6e-16	         -35.89	       -61.5	     46.0	        191	         271	        676	  0.24084	3.2e-20	      8183	         278	        727	1.5e-13	         -29.53	1.0e0	           0.00	
   1	MA1101.1	BACH2	NMTGACTCAGCANH	1.0e-11	   1.8e-14	         -31.66	       -62.5	     48.0	        187	         160	        334	  0.25668	2.2e-18	      7987	         155	        366	2.4e-8	         -17.54	1.0e0	           0.00	
   1	MA0893.1	GSX2	NSYMATTARH	2.2e-11	   3.7e-14	         -30.93	       -27.0	      7.0	        191	          67	        534	  0.03665	4.5e-18	      8183	          47	        555	1.3e-3	          -6.67	1.0e0	           0.00	
   1	MA0703.1	LMX1B	NYAATTAA	2.0e-10	   3.3e-13	         -28.73	       -27.0	      3.0	        193	          41	        513	  0.01554	4.0e-17	      8281	          19	        510	9.9e-1	          -0.01	1.0e0	          -0.00	
   1	MA0675.1	NKX6-2	NYMATTAA	3.7e-10	   6.3e-13	         -28.10	       -26.5	      4.0	        193	          46	        496	  0.02073	7.6e-17	      8281	          26	        496	1.6e-1	          -1.81	1.0e0	           0.00	
   1	MA1143.1	FOSL1::JUND(var.2)	RTGACGTMAY	5.2e-10	   8.8e-13	         -27.76	       -55.5	     30.0	        191	         164	        552	  0.15707	1.1e-16	      8183	         124	        533	2.8e-2	          -3.58	1.0e0	           0.00	
   1	MA0707.1	MNX1	DNYAATTAAA	1.4e-9	   2.4e-12	         -26.77	       -27.5	      6.0	        191	          49	        388	  0.03141	2.9e-16	      8183	          34	        389	1.0e-3	          -6.89	1.0e0	           0.00	
   1	MA1121.1	TEAD2	NYACATTCCWNNS	7.2e-9	   1.2e-11	         -25.13	         5.5	      5.0	        188	          41	        340	  0.02660	1.5e-15	      7987	          27	        377	3.6e-2	          -3.33	1.0e0	           0.00	
   1	MA0067.1	Pax2	NGTCAYKB	8.5e-9	   1.4e-11	         -24.97	         1.0	      1.0	        193	          27	        690	  0.00518	1.7e-15	      8281	          21	        692	1.9e-6	         -13.16	1.0e0	           0.00	
   1	MA0650.1	HOXA13	CYAATAAAAM	8.9e-9	   1.5e-11	         -24.92	       -26.5	      6.0	        191	          35	        214	  0.03141	1.8e-15	      8183	          32	        211	2.0e-9	         -20.02	1.0e0	           0.00	
   1	MA0877.1	Barhl1	NNTAAWTGNB	1.8e-8	   3.1e-11	         -24.20	       -23.5	      4.0	        191	          47	        556	  0.02094	3.8e-15	      8183	          39	        569	1.8e-6	         -13.20	1.0e0	           0.00	
   1	MA0150.2	Nfe2l2	CASNATGACTCAGCA	2.6e-8	   4.5e-11	         -23.83	       -65.0	     48.0	        186	         106	        207	  0.25806	5.6e-15	      7889	          92	        220	1.4e-3	          -6.59	1.0e0	           0.00	
   1	MA0635.1	BARHL2	VHTAAAYGRT	5.6e-8	   9.4e-11	         -23.09	       -23.5	      4.0	        191	          38	        392	  0.02094	1.1e-14	      8183	          22	        417	3.7e-1	          -0.99	1.0e0	           0.00	
   1	MA0901.1	HOXB13	CCAATAAAAH	8.9e-8	   1.5e-10	         -22.62	       -26.5	      6.0	        191	          33	        205	  0.03141	1.8e-14	      8183	          24	        182	3.3e-5	         -10.33	1.0e0	           0.00	
   1	MA1131.1	FOSL2::JUN(var.2)	GRTGACGTMAT	2.0e-7	   3.3e-10	         -21.83	       -47.5	     47.0	        190	          92	        181	  0.24737	4.1e-14	      8085	          60	        161	9.0e-1	          -0.11	1.0e0	           0.00	
   1	MA1139.1	FOSL2::JUNB(var.2)	DATGACGTCATH	3.8e-7	   6.5e-10	         -21.16	       -53.0	     21.0	        189	          53	        159	  0.11111	8.0e-14	      8085	          27	        143	1.0e0	          -0.00	1.0e0	          -0.00	
   1	MA0766.1	GATA5	WGATAASR	8.6e-7	   1.4e-9	         -20.35	       -27.0	      5.0	        193	          41	        401	  0.02591	1.7e-13	      8281	          15	        365	1.0e0	           0.00	1.0e0	          -0.00	
   1	MA0090.2	TEAD1	YRCATTCCWH	1.0e-6	   1.7e-9	         -20.20	         3.0	      1.0	        191	          21	        469	  0.00524	2.1e-13	      8183	           8	        478	1.0e0	          -0.00	1.0e0	           0.00	
   1	MA0605.1	Atf3	GATGACGT	1.8e-6	   3.0e-9	         -19.64	       -67.0	     49.0	        193	         115	        245	  0.25389	3.6e-13	      8281	          95	        227	3.8e-4	          -7.86	1.0e0	           0.00	
   1	MA0740.1	KLF14	KRCCACGCCCMCYT	2.3e-6	   3.9e-9	         -19.37	       -49.5	     44.0	        187	          75	        147	  0.23529	4.9e-13	      7987	          46	        130	1.0e0	          -0.00	1.0e0	           0.00	
   1	MA0809.1	TEAD4	NRCATTCCWN	2.7e-6	   4.5e-9	         -19.21	         3.0	      1.0	        191	          20	        439	  0.00524	5.6e-13	      8183	           8	        447	1.0e0	          -0.00	1.0e0	           0.00	
   1	MA0913.1	Hoxd9	GYAATWAAAW	5.8e-6	   9.8e-9	         -18.44	       -26.0	      3.0	        191	          30	        382	  0.01571	1.2e-12	      8183	          14	        381	1.0e0	          -0.00	1.0e0	           0.00	
   1	MA0808.1	TEAD3	RCATTCCW	7.1e-6	   1.2e-8	         -18.24	         3.0	      1.0	        193	          14	        183	  0.00518	1.4e-12	      8281	           4	        188	1.0e0	           0.00	1.0e0	           0.00	
   1	MA0089.1	MAFG::NFE2L1	NATGAC	7.1e-6	   1.2e-8	         -18.23	       -58.5	     30.0	        195	         187	        734	  0.15385	1.4e-12	      8379	         151	        684	2.0e-2	          -3.91	1.0e0	           0.00	
   1	MA1140.1	JUNB(var.2)	RTGACGTCAY	7.5e-6	   1.3e-8	         -18.18	       -58.5	     32.0	        191	         119	        378	  0.16754	1.6e-12	      8183	          89	        357	3.6e-1	          -1.01	1.0e0	           0.00	
   1	MA0493.1	Klf1	RRCCACACCCW	7.6e-6	   1.3e-8	         -18.17	       -62.5	     49.0	        190	         129	        285	  0.25789	1.6e-12	      8085	         117	        298	2.5e-3	          -6.01	1.0e0	           0.00	
   1	MA1136.1	FOSB::JUNB(var.2)	RTGACGTCAT	9.0e-6	   1.5e-8	         -18.00	       -58.5	     32.0	        191	          94	        275	  0.16754	1.9e-12	      8183	          68	        251	1.9e-1	          -1.64	1.0e0	           0.00	
   1	MA1129.1	FOSL1::JUN(var.2)	ATGACGTCAT	9.5e-6	   1.6e-8	         -17.95	       -56.5	     28.0	        191	          95	        315	  0.14660	2.0e-12	      8183	          70	        293	1.5e-1	          -1.89	1.0e0	           0.00	
   1	MA0892.1	GSX1	NCYMATTAVN	1.0e-5	   1.7e-8	         -17.88	       -26.5	      4.0	        191	          41	        532	  0.02094	2.1e-12	      8183	          37	        559	1.3e-5	         -11.22	1.0e0	           0.00	
   1	MA0741.1	KLF16	GMCACGCCCCC	1.2e-5	   2.1e-8	         -17.68	       -62.0	     50.0	        190	         150	        343	  0.26316	2.6e-12	      8085	         146	        365	9.8e-5	          -9.23	1.0e0	           0.00	
   1	MA0702.1	LMX1A	YTAATTAA	1.7e-5	   2.8e-8	         -17.39	       -26.5	      4.0	        193	          35	        409	  0.02073	3.4e-12	      8281	          19	        422	1.0e0	          -0.00	1.0e0	           0.00	
   1	MA0037.3	GATA3	WGATAASR	1.7e-5	   2.9e-8	         -17.34	       -26.0	      5.0	        193	          28	        215	  0.02591	3.6e-12	      8281	           7	        180	1.0e0	           0.00	1.0e0	          -0.00	
   1	MA1145.1	FOSL2::JUND(var.2)	NNRTGACGTCAYHSN	2.5e-5	   4.2e-8	         -16.99	       -56.5	     13.0	        186	          42	        182	  0.06989	5.3e-12	      7889	          13	        164	1.0e0	           0.00	4.6e-1	          -0.78	
   1	MA0516.1	SP2	GYCCCGCCYCYBSSS	6.3e-5	   1.1e-7	         -16.06	       -56.5	     41.0	        186	         149	        404	  0.22043	1.3e-11	      7889	         125	        397	6.5e-2	          -2.74	1.0e0	           0.00	
   1	MA0656.1	JDP2(var.2)	GATGACGTCAYC	6.8e-5	   1.1e-7	         -15.98	       -55.5	     28.0	        189	          24	         38	  0.14815	1.4e-11	      8085	          13	         34	1.0e0	          -0.00	1.0e0	           0.00	
   1	MA0609.1	Crem	NATGACGTMA	1.4e-4	   2.3e-7	         -15.27	       -56.5	     28.0	        191	          32	         64	  0.14660	2.8e-11	      8183	          10	         56	1.0e0	           0.00	7.9e-1	          -0.23	
   2	POL003.1	GC-box	WRGGGGCGGGGCYK	1.9e-4	   3.3e-7	         -14.93	       -63.0	     47.0	        187	         212	        562	  0.25134	4.1e-11	      7987	         170	        514	2.4e-1	          -1.44	1.0e0	           0.00	
   1	MA0834.1	ATF7	NDATGACGTCATMV	2.1e-4	   3.5e-7	         -14.86	       -55.5	     28.0	        187	          25	         42	  0.14973	4.4e-11	      7987	          14	         36	9.6e-1	          -0.04	1.0e0	           0.00	
   1	MA0903.1	HOXB3	NNYMATTARN	2.9e-4	   5.0e-7	         -14.51	       -26.5	      2.0	        191	          25	        465	  0.01047	6.1e-11	      8183	          10	        468	1.0e0	           0.00	1.0e0	           0.00	
   1	MA1133.1	JUN::JUNB(var.2)	KRTGACGTCATN	3.1e-4	   5.2e-7	         -14.47	       -58.5	     32.0	        189	         104	        330	  0.16931	6.4e-11	      8085	          73	        294	9.5e-1	          -0.05	1.0e0	           0.00	
   1	MA0674.1	NKX6-1	NTMATTAA	4.0e-4	   6.8e-7	         -14.20	       -27.0	      3.0	        193	          25	        321	  0.01554	8.2e-11	      8281	          17	        348	3.0e-1	          -1.21	1.0e0	           0.00	
   1	MA0905.1	HOXC10	GTCRTAAAAH	4.3e-4	   7.2e-7	         -14.15	       -25.5	      4.0	        191	          22	        186	  0.02094	8.8e-11	      8183	          15	        173	3.6e-2	          -3.33	1.0e0	           0.00	
   1	MA0835.1	BATF3	TGATGACGTCATCA	4.6e-4	   7.8e-7	         -14.06	       -51.5	     20.0	        187	          13	         16	  0.10695	9.8e-11	      7987	           3	         12	1.0e0	           0.00	1.0e0	          -0.00	
   1	MA0079.3	SP1	GCCCCKCCCCC	5.0e-4	   8.4e-7	         -13.99	       -53.5	     41.0	        190	         138	        383	  0.21579	1.0e-10	      8085	         114	        376	2.6e-1	          -1.35	1.0e0	           0.00	
   1	MA0746.1	SP3	VCCACGCCCMC	5.1e-4	   8.6e-7	         -13.97	       -50.0	     50.0	        190	         214	        550	  0.26316	1.1e-10	      8085	         182	        544	7.2e-1	          -0.32	1.0e0	           0.00	
   1	MA0683.1	POU4F2	RTGCATAATTAATGAG	7.0e-4	   1.2e-6	         -13.65	       -26.0	      5.0	        185	          12	         37	  0.02703	1.5e-10	      7889	           6	         37	9.7e-1	          -0.03	1.0e0	           0.00	
   1	MA0033.2	FOXL1	RTAAACA	8.3e-4	   1.4e-6	         -13.48	       -25.5	      5.0	        194	          28	        254	  0.02577	1.7e-10	      8281	          18	        292	9.9e-1	          -0.01	1.0e0	           0.00	
   1	MA0604.1	Atf1	RTGACGTA	8.7e-4	   1.5e-6	         -13.43	       -48.0	     49.0	        193	          74	        149	  0.25389	1.8e-10	      8281	          52	        163	1.0e0	           0.00	1.0e0	          -0.00	
   1	MA0599.1	KLF5	GCCCCDCCCH	1.2e-3	   2.0e-6	         -13.14	       -62.0	     49.0	        191	         146	        357	  0.25654	2.4e-10	      8183	         138	        381	2.3e-2	          -3.78	1.0e0	           0.00	
   1	MA0840.1	Creb5	NATGACGTCAYH	1.7e-3	   2.8e-6	         -12.78	       -55.5	     26.0	        189	          25	         48	  0.13757	3.5e-10	      8085	          13	         38	1.0e0	          -0.00	1.0e0	           0.00	
   1	MA1126.1	FOS::JUN(var.2)	DRTGACGTCATHNDTN	2.5e-3	   4.2e-6	         -12.37	       -50.0	     23.0	        185	          86	        352	  0.12432	5.4e-10	      7889	          59	        342	1.0e0	           0.00	1.0e0	           0.00	
   1	MA0043.2	HLF	NVTTACRTAAYH	2.9e-3	   4.8e-6	         -12.24	       -57.0	     11.0	        189	          36	        193	  0.05820	6.0e-10	      8085	          12	        181	1.0e0	           0.00	9.5e-1	          -0.06	
   1	MA0063.1	Nkx2-5	WTAAKTG	3.1e-3	   5.2e-6	         -12.17	       -23.5	      7.0	        194	          44	        424	  0.03608	6.2e-10	      8281	          33	        411	1.6e-1	          -1.82	1.0e0	           0.00	
   1	MA0042.2	FOXI1	GTAAACA	3.9e-3	   6.5e-6	         -11.94	       -23.5	      9.0	        194	          35	        230	  0.04639	7.9e-10	      8281	          12	        240	1.0e0	           0.00	7.5e-1	          -0.29	
   1	MA0685.1	SP4	BWRGCCACGCCCMCTYH	3.9e-3	   6.5e-6	         -11.94	       -58.0	     42.0	        184	          43	         77	  0.22826	8.4e-10	      7791	          25	         62	1.0e0	          -0.00	1.0e0	           0.00	
   1	MA0151.1	Arid3a	ATYAAA	5.8e-3	   9.8e-6	         -11.54	       -23.5	      4.0	        195	          23	        237	  0.02051	1.2e-9	      8379	          10	        218	1.0e0	           0.00	1.0e0	           0.00	
   1	MA0909.1	HOXD13	CYMATAAAAH	6.9e-3	   1.2e-5	         -11.36	       -26.0	      3.0	        191	          18	        187	  0.01571	1.4e-9	      8183	          18	        168	2.0e-6	         -13.11	1.0e0	           0.00	
   1	MA0046.2	HNF1A	DRTTAATNATTAACN	7.3e-3	   1.2e-5	         -11.31	       -65.0	     50.0	        186	          70	        137	  0.26882	1.6e-9	      7889	          43	        126	1.0e0	           0.00	1.0e0	          -0.00	
   1	MA0879.1	Dlx1	NVTAATTANN	7.7e-3	   1.3e-5	         -11.25	       -26.5	      4.0	        191	          35	        508	  0.02094	1.6e-9	      8183	          18	        528	1.0e0	           0.00	1.0e0	           0.00	
   1	MA0153.2	HNF1B	GTTAATNATTAAY	7.9e-3	   1.3e-5	         -11.23	       -64.5	     49.0	        188	          56	        104	  0.26064	1.7e-9	      7987	          38	        118	1.0e0	           0.00	1.0e0	          -0.00	
   1	MA0902.1	HOXB2	NNTMATTANN	8.1e-3	   1.4e-5	         -11.20	       -26.5	      2.0	        191	          24	        505	  0.01047	1.7e-9	      8183	           9	        525	1.0e0	           0.00	1.0e0	          -0.00	
   1	MA0497.1	MEF2C	DDDCYAAAAATAGMW	9.7e-3	   1.6e-5	         -11.02	       -26.0	      8.0	        186	          27	        163	  0.04301	2.1e-9	      7889	          19	        205	1.0e0	          -0.00	1.0e0	           0.00	
   1	MA0644.1	ESX1	NYYAATTAVM	1.3e-2	   2.2e-5	         -10.73	       -27.5	      6.0	        191	          42	        472	  0.03141	2.7e-9	      8183	          19	        481	1.0e0	           0.00	1.0e0	          -0.00	
   1	MA0488.1	JUN	DDRATGATGTCAT	1.3e-2	   2.2e-5	         -10.70	       -58.5	     13.0	        188	          25	         93	  0.06915	2.8e-9	      7987	           7	         73	1.0e0	           0.00	1.0e0	          -0.00	
   1	MA0885.1	Dlx2	VYAATTAN	1.3e-2	   2.3e-5	         -10.70	       -26.5	      4.0	        193	          31	        425	  0.02073	2.7e-9	      8281	          10	        416	1.0e0	           0.00	1.0e0	          -0.00	
   1	MA0882.1	DLX6	VYAATTAN	1.6e-2	   2.7e-5	         -10.53	       -26.5	      4.0	        193	          31	        428	  0.02073	3.2e-9	      8281	          11	        419	1.0e0	           0.00	1.0e0	          -0.00	
   1	MA0492.1	JUND(var.2)	DDDRATGABGTCATN	2.1e-2	   3.6e-5	         -10.24	       -54.0	     22.0	        186	          30	         81	  0.11828	4.5e-9	      7889	          17	         66	1.0e0	          -0.00	1.0e0	           0.00	
   1	MA0718.1	RAX	RYYAATTARH	3.6e-2	   6.0e-5	          -9.72	       -25.5	      4.0	        191	          27	        344	  0.02094	7.4e-9	      8183	          17	        365	1.0e0	          -0.00	1.0e0	           0.00	
   1	MA0847.1	FOXD2	GTAAACA	3.9e-2	   6.6e-5	          -9.63	       -27.0	     14.0	        194	          67	        441	  0.07216	7.9e-9	      8281	          47	        482	1.0e0	           0.00	1.0e0	           0.00	
   1	MA0888.1	EVX2	VVTAATTAVB	4.1e-2	   6.9e-5	          -9.58	        90.0	      3.0	        191	          26	        428	  0.01571	8.4e-9	      8183	          15	        420	1.0e0	          -0.00	1.0e0	           0.00	
   1	MA0051.1	IRF2	SGAAAGYGAAASCRWWWM	5.3e-2	   8.9e-5	          -9.32	        48.5	     24.0	        183	           9	          9	  0.13115	1.1e-8	      7791	           6	         18	1.0e0	           0.00	1.0e0	          -0.00	
   1	MA0501.1	MAF::NFE2	ATGACTCAGCANWTY	5.4e-2	   9.2e-5	          -9.30	       -69.0	     36.0	        186	          53	        129	  0.19355	1.2e-8	      7889	          64	        151	6.3e-7	         -14.28	1.0e0	           0.00	
   1	MA0911.1	Hoxa11	RGTCGTAAAANT	7.9e-2	   1.3e-4	          -8.92	       -26.0	      7.0	        189	          25	        180	  0.03704	1.7e-8	      8085	          14	        160	1.0e0	          -0.00	1.0e0	           0.00	
   1	MA0880.1	Dlx3	NYAATTAN	9.1e-2	   1.5e-4	          -8.78	       -27.5	      6.0	        193	          41	        491	  0.03109	1.9e-8	      8281	          19	        511	1.0e0	           0.00	1.0e0	          -0.00	
   1	MA0060.3	NFYA	RRCCAATCAGM	1.2e-1	   2.1e-4	          -8.49	       -73.0	     16.0	        190	          43	        206	  0.08421	2.5e-8	      8085	          21	        199	1.0e0	           0.00	1.0e0	          -0.00	
   1	MA0591.1	Bach1::Mafk	RSSATGACTCAGCAB	1.3e-1	   2.3e-4	          -8.39	       -65.0	     50.0	        186	          53	        100	  0.26882	2.9e-8	      7889	          53	        111	1.7e-2	          -4.09	1.0e0	           0.00	
   1	MA0747.1	SP8	RCCACGCCCMCY	1.4e-1	   2.3e-4	          -8.37	       -61.0	     49.0	        189	         155	        404	  0.25926	2.9e-8	      8085	         149	        417	4.9e-2	          -3.01	1.0e0	           0.00	
   1	MA0699.1	LBX2	NCYAATTARN	1.6e-1	   2.7e-4	          -8.21	       -28.0	      7.0	        191	          43	        460	  0.03665	3.3e-8	      8183	          23	        466	1.0e0	           0.00	1.0e0	           0.00	
   1	MA0601.1	Arid3b	ATATTAATWAN	2.1e-1	   3.5e-4	          -7.95	       -26.5	      7.0	        190	          33	        304	  0.03684	4.4e-8	      8085	          27	        300	1.7e-1	          -1.78	1.0e0	           0.00	
   1	MA0503.1	Nkx2-5(var.2)	ARSCACTCAAS	2.2e-1	   3.7e-4	          -7.89	         3.5	      3.0	        190	          17	        207	  0.01579	4.6e-8	      8085	          12	        203	5.9e-1	          -0.53	1.0e0	           0.00	
   1	MA0615.1	Gmeb1	BHBBKKACGTMMNWNNN	2.8e-1	   4.8e-4	          -7.64	       -55.5	      9.0	        184	          33	        235	  0.04891	6.2e-8	      7791	          13	        246	1.0e0	           0.00	1.0e0	          -0.00	
   1	MA0862.1	GMEB2	TTACGTAA	2.9e-1	   4.8e-4	          -7.63	       -41.0	     49.0	        193	          71	        157	  0.25389	5.9e-8	      8281	          48	        164	1.0e0	           0.00	1.0e0	          -0.00	
   1	MA1124.1	ZNF24	CATTCATTCATTC	2.9e-1	   4.9e-4	          -7.63	         2.0	      2.0	        188	          11	        117	  0.01064	6.1e-8	      7987	           5	        128	1.0e0	           0.00	1.0e0	           0.00	
   2	POL004.1	CCAAT-box	HNYRRCCAATSA	2.9e-1	   4.9e-4	          -7.62	       -80.0	      5.0	        189	          30	        363	  0.02646	6.1e-8	      8085	          11	        323	1.0e0	           0.00	1.0e0	           0.00	
   1	MA0152.1	NFATC2	TTTTCCA	3.1e-1	   5.2e-4	          -7.56	         7.0	      6.0	        194	          46	        615	  0.03093	6.3e-8	      8281	          29	        637	1.0e0	           0.00	1.0e0	           0.00	
   1	MA0742.1	Klf12	GRCCACGCCCWHHWH	3.1e-1	   5.2e-4	          -7.56	       -52.0	     34.0	        186	          49	        127	  0.18280	6.6e-8	      7889	          34	        127	1.0e0	           0.00	1.0e0	           0.00	
   1	MA0881.1	Dlx4	VYAATTAN	3.3e-1	   5.6e-4	          -7.48	       -26.5	      4.0	        193	          30	        463	  0.02073	6.8e-8	      8281	          12	        475	1.0e0	           0.00	1.0e0	           0.00	
   1	MA0887.1	EVX1	VVTAATTABS	3.4e-1	   5.7e-4	          -7.47	        90.0	      3.0	        191	          25	        444	  0.01571	7.0e-8	      8183	          15	        428	1.0e0	          -0.00	1.0e0	           0.00	
   1	MA0018.3	CREB1	NVTGACGTCABN	3.4e-1	   5.7e-4	          -7.46	       -58.5	     32.0	        189	          91	        313	  0.16931	7.1e-8	      8085	          66	        306	1.0e0	           0.00	1.0e0	           0.00	
   1	MA0793.1	POU6F2	ASCTMATTAW	4.6e-1	   7.8e-4	          -7.16	         1.0	      1.0	        191	          11	        217	  0.00524	9.5e-8	      8183	           5	        227	1.0e0	           0.00	1.0e0	           0.00	
   1	MA1107.1	KLF9	VSCCACACCCACH	4.9e-1	   8.3e-4	          -7.09	       -53.0	     32.0	        188	         102	        363	  0.17021	1.0e-7	      7987	          88	        365	9.4e-1	          -0.06	1.0e0	           0.00	
   1	MA0145.3	TFCP2	AAACCGGTTY	5.2e-1	   8.8e-4	          -7.04	        33.0	      3.0	        191	          16	        195	  0.01571	1.1e-7	      8183	           1	        191	1.0e0	           0.00	6.3e-1	          -0.46	
   1	MA0886.1	EMX2	VBTAATTARB	5.3e-1	   8.9e-4	          -7.02	       -59.5	     32.0	        191	          78	        261	  0.16754	1.1e-7	      8183	          44	        231	1.0e0	           0.00	1.0e0	          -0.00	
   1	MA0732.1	EGR3	HHMCGCCCACGCAHH	5.6e-1	   9.4e-4	          -6.97	       -47.0	     34.0	        186	          28	         57	  0.18280	1.2e-7	      7889	          12	         52	1.0e0	           0.00	1.0e0	           0.00	
   1	MA0106.3	TP53	RACATGYCCGGRCATGTY	6.8e-1	   1.1e-3	          -6.78	        21.5	      2.0	        183	           6	         23	  0.01093	1.5e-7	      7791	           0	         23	1.0e0	           0.00	1.0e0	           0.00	
   1	MA0598.2	EHF	WACCCGGAAGTA	7.7e-1	   1.3e-3	          -6.64	       -55.5	     48.0	        189	          75	        172	  0.25397	1.6e-7	      8085	          61	        164	9.9e-1	          -0.01	1.0e0	           0.00	
   1	MA0672.1	NKX2-3	VCCACTTRAV	7.9e-1	   1.3e-3	          -6.62	         3.0	      1.0	        191	          11	        257	  0.00524	1.6e-7	      8183	          11	        266	1.9e-3	          -6.28	1.0e0	           0.00	
   1	MA0629.1	Rhox11	ANKNCGCTGTWAWDVRW	8.0e-1	   1.4e-3	          -6.60	       -28.5	      5.0	        184	          23	        236	  0.02717	1.7e-7	      7791	          15	        205	9.9e-1	          -0.01	1.0e0	           0.00	
   1	MA1103.1	FOXK2	WDGTAAACANV	8.1e-1	   1.4e-3	          -6.59	       -23.5	      9.0	        190	          39	        328	  0.04737	1.7e-7	      8085	          26	        334	1.0e0	           0.00	1.0e0	           0.00	
   1	MA0132.2	PDX1	VYAATTAR	9.7e-1	   1.6e-3	          -6.41	        90.0	      3.0	        193	          16	        206	  0.01554	2.0e-7	      8281	          11	        201	9.5e-1	          -0.05	1.0e0	           0.00	
   1	MA0465.1	CDX2	VDGYMATAAAA	9.9e-1	   1.7e-3	          -6.39	       -28.0	      6.0	        190	          10	         38	  0.03158	2.1e-7	      8085	           5	         27	1.0e0	          -0.00	1.0e0	           0.00	

# CentriMo (Local Motif Enrichment Analysis): Version 5.1.1 compiled on May 16 2020 at 05:03:11
# The format of this file is described at http://meme-suite.org//doc/centrimo-output-format.html.
# centrimo -seqlen 200 -verbosity 1 -oc motif analysis output/main_vs_minor/centrimo_out -bfile motif analysis output/main_vs_minor/background -local -score 5 -maxreg 50 -ethresh 1 -norc -neg motif analysis output/main_vs_minor/tss_minor.fa.masked motif analysis output/main_vs_minor/tss_main.fa.masked ./motif db/JASPAR2018_CORE_vertebrates_non-redundant.meme ./motif db/JASPAR2018_POLII.meme
